{
    "admiration": 0.22710174322128296,
    "amusement": 0.2420620322227478,
    "anger": 0.2005668729543686,
    "annoyance": 0.15633031725883484,
    "approval": 0.12196328490972519,
    "caring": 0.05987626686692238,
    "confusion": 0.0701221153140068,
    "curiosity": 0.07981440424919128,
    "desire": 0.06475216150283813,
    "disappointment": 0.10580911487340927,
    "disapproval": 0.11529605835676193,
    "disgust": 0.15367132425308228,
    "embarrassment": 0.06167209520936012,
    "excitement": 0.10037039965391159,
    "fear": 0.10625196993350983,
    "gratitude": 0.48296862840652466,
    "grief": 0.01160573959350586,
    "joy": 0.2222823053598404,
    "love": 0.29441890120506287,
    "nervousness": 0.04527001082897186,
    "optimism": 0.14463643729686737,
    "pride": 0.032762423157691956,
    "realization": 0.05934925004839897,
    "relief": 0.03707091510295868,
    "remorse": 0.1764574646949768,
    "sadness": 0.17902138829231262,
    "surprise": 0.07835496962070465,
    "neutral": 0.2778952419757843
}