{
    "admiration": 0.3578532338142395,
    "amusement": 0.1471790075302124,
    "anger": 0.11216185241937637,
    "annoyance": 0.09485123306512833,
    "approval": 0.06862246245145798,
    "caring": 0.058284942060709,
    "confusion": 0.05626046657562256,
    "curiosity": 0.07893449068069458,
    "desire": 0.0920739397406578,
    "disappointment": 0.056072916835546494,
    "disapproval": 0.08944213390350342,
    "disgust": 0.07182597368955612,
    "embarrassment": 0.01929066702723503,
    "excitement": 0.07296840101480484,
    "fear": 0.11408381164073944,
    "gratitude": 0.4191551208496094,
    "grief": 0.0064076874405145645,
    "joy": 0.13454985618591309,
    "love": 0.26877298951148987,
    "nervousness": 0.023410093039274216,
    "optimism": 0.1487971842288971,
    "pride": 0.009508109651505947,
    "realization": 0.03401722386479378,
    "relief": 0.003136909333989024,
    "remorse": 0.09096523374319077,
    "sadness": 0.13419532775878906,
    "surprise": 0.07813862711191177,
    "neutral": 0.225157231092453
}